,tension ,treatment,CH4_O,NH_CH2,CH2,O,CH3COO-,PO43-,SO42-,NO3-,NH4+,H2S,S2O32-,glucose_C6H12O6,glucose_C6H12O6,pentose_C5H8O4,glcnac_C8H13N1O5,neugc_C11H17N1O9,Alanine_C3H5NO,Arginine_C6H12N4O,Asparagine_C4H6N2O2,Aspartic_Acid_C4H5NO3,Cysteine_C3H5NOS,Cystine_C6H10N2O3S2,Glutamic_Acid_C5H7NO3,Glutamine_C5H8N2O2,Glycine_C2H3NO,Histidine_C6H7N3O,Isoleucine_C6H11NO,Leucine_C6H11NO,Lysine_C6H12N2O,Methionine_C5H9NOS,Phenylalanine_C9H9NO,Proline_C5H7NO,Serine_C3H5NO2,Threonine_C4H7NO2,Tryptophan_C11H10N2O,Tyrosine_C9H9NO2,Valine_C5H9NO,acetotacetate_(-H2O)_C4H4O2,acetone_(-H)_C3H5O,adenylate_(-H2O)_C10H12N5O6P,biotinyl_(-H)_C10H15N2O3S,biotinyl_(-H2O)_C10H14N2O2S,carbamoyl_P_transfer_(-H2PO4)_CH2ON,co-enzyme_A_(-H)_C21H34N7O16P3S,co-enzyme_A_(-H2O)_C21H33N7O15P3S,glutathione_(-H2O)_C10H15N3O5S,isoprene_addition_(-H)_C5H7,malonyl_group_(-H2O)_C3H2O3,palmitoylation_(-H2O)_C16H30O,pyridoxal_phosphate_(-H2O)_C8H8NO5P,urea_addition_(-H)_CH3N2O,adenine_(-H)_C5H4N5,adenosine_(-H2O)_C10H11N5O3,Adenosine_5_diphosphate_(-H2O)_C10H13N5O9P2,Adenosine_5_monophosphate_(-H2O)_C10H12N5O6P,cytidine_5_diphosphate_(-H2O)_C9H13N3O10P2,cytidine_5_monophsophate_(-H2O)_C9H12N3O7P,cytosine_(-H)_C4H4N3O,Guanosine5_diphosphate_(-H2O)_C10H13N5O10P2,Guanosine_5_monophosphate_(-H2O)_C10H12N5O7P,guanine_(-H)_C5H4N5O,guanosine_(-H2O)_C10H11N5O4,deoxythymidine_5_diphosphate_(-H2O)_C10H14N2O10P2,thymidine_(-H2O)_C10H12N2O4,thymine_(-H)_C5H5N2O2,thymidine_5_monophosphate_(-H2O)_C10H13N2O7P,uridine_5_diphosphate_(-H2O)_C9H12N2O11P2,uridine_5_monophosphate_(-H2O)_C9H11N2O8P,uracil_(-H)_C4H3N2O2,uridine_(-H2O)_C9H10N2O5,acetylation_(-H)_C2H3O2,acetylation_(-H2O)_C2H2O,C2H2_C2H2,Carboxylation_CO2,CHO2_CHO2,condensation/dehydration_H2O,diphosphate_H3O6P2,ethyl addition_(-H2O)_C2H4,Formic Acid_(-H2O)_CO,glyoxylate_(-H2O)_C2O2,hydrogenation_dehydrogenation_H2,hydroxylation_(-H)_O,Inorganic_Phosphate_P,TRANSAMINATION,Catechol_O2
1,15 mb,pre,4.165079365,0.952380952,7.365079365,5.676190476,0.101587302,0.012698413,0.507936508,0.114285714,0.038095238,1.346031746,0.038095238,0,0.279365079,0.749206349,0.012698413,0,0.711111111,0.025396825,0,0.431746032,0.050793651,0.025396825,0.393650794,0,0.863492063,0.012698413,0.355555556,0.355555556,0.012698413,0.025396825,0.050793651,0.520634921,0.647619048,0.533333333,0,0.076190476,0.419047619,2.120634921,0.076190476,0,0.038095238,0.012698413,0.076190476,0,0,0.025396825,0.063492063,1.93015873,0.012698413,0,0.012698413,0.025396825,0,0,0,0,0,0.063492063,0,0,0.038095238,0,0.012698413,0.012698413,0.012698413,0.012698413,0,0,0.038095238,0.012698413,0.101587302,4.634920635,5.142857143,3.961904762,0.063492063,5.726984127,0.050793651,5.434920635,4.901587302,2.742857143,5.307936508,5.73968254,0.088888889,0.787301587,4.025396825
2,150 mb,pre,16.23931624,0.854700855,8.547008547,3.418803419,0,0,0.427350427,0,0,1.709401709,0.427350427,0,0.427350427,0.427350427,0,0,0,0,0,0.427350427,0,0.427350427,0,0,0.854700855,0,0,0,0,0,0,0,0,0,0,0,0,0.427350427,0,0.427350427,0,0,0,0,0,0,0,0,0,0,0.427350427,0.427350427,0,0,0.427350427,0,0,1.282051282,0,0,0.427350427,0,0,0.854700855,0,0,0,0,0,0,0,0,0.427350427,0.427350427,0,1.709401709,0.427350427,0.427350427,0,0,18.37606838,3.418803419,0,0,0
3,15 mb,pre,4.526748971,0.308641975,9.259259259,6.121399177,0.154320988,0.051440329,0.360082305,0,0.308641975,1.748971193,0.051440329,0.051440329,0.308641975,0.925925926,0,0,0.205761317,0.051440329,0.051440329,0.154320988,0.154320988,0,0.102880658,0,0.257201646,0,0.565843621,0.565843621,0,0.051440329,0,0.102880658,0.051440329,0.102880658,0,0.102880658,0.154320988,1.748971193,0.102880658,0,0,0,0,0,0,0,0,1.440329218,0,0,0.102880658,0.051440329,0.051440329,0,0,0,0,0.051440329,0,0,0.051440329,0,0,0.051440329,0.051440329,0,0,0,0.051440329,0,0.154320988,3.806584362,4.62962963,3.343621399,0.102880658,5.092592593,0.051440329,6.430041152,4.5781893,2.674897119,5.91563786,6.121399177,0.051440329,0.154320988,4.166666667
4,150 mb,pre,3.837719298,0.328947368,12.39035088,6.359649123,0.219298246,0.109649123,0.328947368,0.219298246,0,5.043859649,0.219298246,0,0,0,0,0,0,0,0,0.219298246,0,0,0.109649123,0.109649123,0,0,0,0,0,0,0,0,0.109649123,0,0,0.109649123,0,1.754385965,0.109649123,0.109649123,0,0,0.109649123,0,0,0,0,0.548245614,0,0.109649123,0,0.219298246,0,0,0.109649123,0.109649123,0,0.109649123,0,0,0,0,0.109649123,0,0,0.109649123,0,0,0.219298246,0.109649123,0.219298246,3.179824561,6.359649123,3.618421053,0,3.947368421,0,6.030701754,2.631578947,1.864035088,5.263157895,6.469298246,0,0,3.399122807
5,15 mb,pre,3.707742639,0.436205016,16.46673937,5.670665213,0.218102508,0.109051254,0.218102508,0,0.109051254,3.489640131,0.327153762,0.109051254,0,0,0,0,0.109051254,0,0,0,0,0,0.109051254,0,0.109051254,0.109051254,0,0,0,0,0,0.218102508,0.109051254,0,0,0,0.218102508,0.436205016,0.327153762,0,0,0,0.327153762,0,0,0,0.327153762,0.654307525,0,0.109051254,0,0.218102508,0,0,0,0,0.109051254,0,0,0,0,0,0,0,0.218102508,0,0,0,0,0.109051254,0.218102508,3.162486369,3.925845147,3.162486369,0.54525627,4.252998909,0,8.287895311,2.726281352,1.308615049,5.997818975,5.670665213,0,0,2.39912759
6,150 mb,pre,1.990049751,0,19.90049751,7.462686567,0.497512438,0,0.497512438,0.497512438,0,2.487562189,0,0,0,0,0,0,0,0,0,0,0,0,0,0,0,0,0,0,0,0,0,0,0,0,0,0,0,0,0,0,0,0,0,0,0,0,0.497512438,0.497512438,0,0,0,0,0,0,0,0,0,0,0,0,0,0,0,0,0,0,0,0,0.497512438,0,0.497512438,1.990049751,3.482587065,0.995024876,0,2.487562189,0,9.452736318,2.985074627,0.995024876,7.462686567,7.462686567,0.497512438,0,0.995024876
7,15 mb,pre,4.659498208,0.286738351,17.92114695,8.243727599,0.573476703,0,0.143369176,0.143369176,0,1.863799283,0.143369176,0.071684588,0.071684588,0,0,0,0.286738351,0.143369176,0.358422939,0.143369176,0,0,0.071684588,0.215053763,0,0.143369176,0,0,0.143369176,0.215053763,0.143369176,0,0.071684588,0,0,0,0.071684588,0.071684588,0.430107527,0,0,0.071684588,0.286738351,0,0.071684588,0,0.215053763,0.143369176,0,0,0,0.071684588,0,0,0,0,0.071684588,0.286738351,0.071684588,0,0.071684588,0,0,0,0,0,0.071684588,0,0,0,0.573476703,1.863799283,3.799283154,1.146953405,0.573476703,3.799283154,0,7.455197133,2.580645161,0.573476703,7.741935484,8.53046595,0,0.143369176,2.078853047
8,150 mb,pre,10.84070796,0.221238938,13.71681416,5.973451327,0.221238938,0.442477876,0.221238938,0,0.221238938,0.442477876,0.442477876,0,0,0,0,0.221238938,0.221238938,0,0,0,0.884955752,0,0,0,0,0.663716814,0,0,0.221238938,0,0,0,0.221238938,0,0,0,0.221238938,0.442477876,0,0,0.221238938,0,0,0,0.221238938,0.221238938,0.442477876,0.442477876,0,0,0.663716814,0,0,0,0,0,0,0.663716814,0,0,0.221238938,0,0.221238938,0,0.221238938,0,0.221238938,0,0,0,0.221238938,0.442477876,1.10619469,0.221238938,0.221238938,2.654867257,0,1.327433628,1.10619469,0.442477876,15.26548673,6.415929204,0,0.221238938,0.884955752
9,15 mb,pre,17.0263789,0.71942446,4.316546763,0.479616307,0.239808153,0,0,0,0.239808153,0,0.239808153,0.239808153,0.239808153,0.239808153,0,0,0,0.239808153,0,0,0.239808153,0,0,0.479616307,0.239808153,0.71942446,0.479616307,0.479616307,0,0,0,0.479616307,0.71942446,0,0,0,0,1.918465228,0,0,0.239808153,0,0,0,0,0,0,0.959232614,0,0,0,0.239808153,0,0,0,0,0,0.479616307,0,0,0.239808153,0,0,0,0,0,0,0,0.239808153,0.239808153,0.239808153,0,0,0.479616307,0.239808153,0.479616307,0,0.479616307,0,1.438848921,23.50119904,0.71942446,0.239808153,0.239808153,0.239808153
10,150 mb,pre,4.278074866,0,15.15151515,8.556149733,0.178253119,0,0,0,0,1.960784314,0,0,0,0.178253119,0.178253119,0,0,0,0.178253119,0,0,0,0,0,0,0.178253119,0.178253119,0.178253119,0,0,0,0,0.178253119,0.178253119,0,0,0.178253119,0.356506239,0.178253119,0,0,0,0,0,0,0,0.178253119,0.178253119,0,0,0,0.178253119,0,0,0,0,0,0,0,0,0,0,0,0,0,0,0,0,0,0.178253119,0.178253119,3.03030303,3.921568627,2.495543672,0.178253119,3.565062389,0,7.308377897,4.278074866,0.713012478,7.486631016,8.556149733,0.356506239,0,3.03030303
11,15 mb,control,3.861219922,0.317105018,7.479947771,5.670583846,0.018653236,0.055959709,0.466330908,0.223838836,0.111919418,1.212460362,0.2051856,0.037306473,0.410371199,0.839395635,0.018653236,0,0.2051856,0.074612945,0.130572654,0.2051856,0.074612945,0.130572654,0.167879127,0.130572654,0.261145309,0.037306473,0.335758254,0.335758254,0.037306473,0.037306473,0.130572654,0.111919418,0.223838836,0.167879127,0.093266182,0.111919418,0.074612945,1.921283343,0.037306473,0,0,0.018653236,0.130572654,0,0,0.018653236,0.037306473,1.566871852,0.074612945,0,0,0.093266182,0.055959709,0,0,0,0.018653236,0.111919418,0,0,0.037306473,0.018653236,0.037306473,0.130572654,0.018653236,0.018653236,0.018653236,0.018653236,0.037306473,0.093266182,0.018653236,4.346204066,4.439470248,4.178324939,0.074612945,4.644655848,0.037306473,5.913075919,4.793881738,2.611453087,5.390785301,5.707890319,0.055959709,0.2051856,3.320276068
12,150 mb,control,4.400887574,0.203402367,8.746301775,5.954142012,0.166420118,0,0.406804734,0.092455621,0.055473373,1.516272189,0.092455621,0.055473373,0.314349112,0.906065089,0,0,0.147928994,0.073964497,0.073964497,0.073964497,0.018491124,0.036982249,0.073964497,0.073964497,0.147928994,0.018491124,0.184911243,0.184911243,0,0.036982249,0.073964497,0.147928994,0.12943787,0.092455621,0.018491124,0.036982249,0.110946746,3.198964497,0.092455621,0.018491124,0.018491124,0.018491124,0.018491124,0,0,0,0.092455621,1.978550296,0.036982249,0.018491124,0.036982249,0.110946746,0.018491124,0.018491124,0.018491124,0,0,0.073964497,0,0.018491124,0.055473373,0,0,0.018491124,0.018491124,0.018491124,0,0.018491124,0.036982249,0,0.166420118,4.955621302,5.769230769,4.215976331,0.166420118,4.493343195,0,6.545857988,5.196005917,3.198964497,5.750739645,5.917159763,0,0.110946746,3.975591716
13,15 mb,control,4.094202899,0.398550725,9.710144928,6.413043478,0.072463768,0.036231884,0.144927536,0.036231884,0.217391304,1.594202899,0.144927536,0.036231884,0.144927536,0.579710145,0,0,0.289855072,0.108695652,0,0.217391304,0.036231884,0,0.18115942,0.036231884,0.217391304,0.036231884,0.289855072,0.289855072,0.108695652,0.036231884,0.144927536,0.18115942,0.108695652,0.253623188,0.036231884,0.072463768,0.108695652,1.231884058,0.108695652,0,0,0,0.108695652,0,0,0,0.18115942,1.304347826,0.144927536,0,0.108695652,0.072463768,0,0,0,0,0,0,0,0.036231884,0.036231884,0,0.036231884,0,0.036231884,0,0,0.072463768,0.036231884,0.036231884,0.072463768,3.768115942,3.985507246,4.311594203,0.18115942,4.855072464,0.036231884,6.956521739,4.528985507,2.536231884,6.268115942,6.485507246,0.072463768,0.289855072,3.550724638
14,150 mb,control,3.764790247,0.143420581,10.18286124,5.665112944,0.07171029,0,0.573682323,0.07171029,0.107565436,1.290785228,0.215130871,0.035855145,0.215130871,0.89637863,0.035855145,0.035855145,0.107565436,0.107565436,0,0.035855145,0.035855145,0.107565436,0.035855145,0.07171029,0.07171029,0.035855145,0.394406597,0.394406597,0.035855145,0,0.107565436,0.07171029,0.07171029,0.035855145,0.035855145,0.07171029,0.035855145,2.832556472,0.07171029,0,0.035855145,0,0.035855145,0,0,0.035855145,0.07171029,1.613481535,0.035855145,0,0.107565436,0.035855145,0,0,0,0,0.07171029,0.035855145,0,0,0,0,0,0.035855145,0.035855145,0.07171029,0,0,0.107565436,0.035855145,0.07171029,4.589458587,4.804589459,4.732879168,0.107565436,4.697024023,0.035855145,6.059519541,5.055575475,2.940121907,5.665112944,5.700968089,0.035855145,0.07171029,3.29867336
15,15 mb,control,3.753795197,0.276014353,9.853712393,5.768699972,0.193210047,0.082804306,0.634833011,0.124206459,0.138007176,1.697488269,0.414021529,0.069003588,0.4692244,0.979850952,0.013800718,0.013800718,0.165608612,0.027601435,0.193210047,0.082804306,0.069003588,0.027601435,0.069003588,0.124206459,0.165608612,0,0.124206459,0.124206459,0.041402153,0.041402153,0.138007176,0.110405741,0.151807894,0.082804306,0.069003588,0.069003588,0.138007176,2.125310516,0.220811482,0,0.013800718,0.055202871,0.110405741,0,0.013800718,0,0.069003588,2.180513387,0.055202871,0.027601435,0.013800718,0.082804306,0.013800718,0.013800718,0,0,0.013800718,0.151807894,0,0,0.069003588,0.013800718,0.013800718,0.027601435,0.027601435,0.027601435,0,0,0.013800718,0.041402153,0.207010765,5.037261938,3.684791609,4.581838256,0.303615788,4.637041126,0,6.582942313,5.520287055,2.856748551,5.31327629,5.823902843,0.027601435,0.110405741,3.049958598
16,150 mb,control,3.152364273,0.291885581,15.06129597,6.479859895,0.642148278,0.116754232,0.75890251,0.058377116,0.058377116,1.401050788,0.291885581,0.058377116,0.233508465,0.642148278,0,0.058377116,0,0,0.058377116,0.058377116,0.058377116,0,0,0.058377116,0.058377116,0,0.058377116,0.058377116,0,0.058377116,0.058377116,0.058377116,0.058377116,0.058377116,0,0.233508465,0.058377116,0.992410975,0.817279626,0,0,0.058377116,0.116754232,0,0,0,0.233508465,1.167542323,0.116754232,0,0,0,0.058377116,0,0,0,0,0.058377116,0,0,0,0,0,0,0,0,0,0,0,0.175131349,0.642148278,4.028021016,3.50262697,4.378283713,0.525394046,3.561004086,0,8.406304729,4.436660829,1.809690601,4.962054874,6.363105663,0,0.058377116,3.035610041
17,15 mb,control,3.852119959,0.12926577,12.35780765,6.463288521,0.69803516,0,0.336091003,0.051706308,0.025853154,1.861427094,0.077559462,0.025853154,0.206825233,0.646328852,0.025853154,0.025853154,0.103412616,0.051706308,0.025853154,0.051706308,0.051706308,0.025853154,0.025853154,0.051706308,0.077559462,0.077559462,0.025853154,0.025853154,0.025853154,0.025853154,0.155118925,0.051706308,0.051706308,0,0.025853154,0.103412616,0.051706308,1.292657704,0.672182006,0,0,0,0.025853154,0,0,0,0.310237849,1.008273009,0.025853154,0,0.025853154,0.025853154,0.025853154,0.025853154,0,0.025853154,0,0.025853154,0,0,0,0,0.025853154,0.025853154,0.051706308,0.025853154,0,0,0.051706308,0.025853154,0.672182006,3.903826267,3.722854188,4.033092037,0.723888314,4.214064116,0,8.298862461,4.679420889,2.145811789,5.558428128,6.489141675,0.025853154,0.180972079,3.619441572
18,150 mb,control,4.462648246,0.158943636,10.22129845,6.333292579,0.513510209,0,0.452378041,0,0.036679301,1.467172026,0.061132168,0.085585035,0.513510209,0.916982516,0.036679301,0.036679301,0.085585035,0.024452867,0.036679301,0.085585035,0.134490769,0.036679301,0.073358601,0.036679301,0.097811468,0.061132168,0.097811468,0.097811468,0.061132168,0.048905734,0.085585035,0.110037902,0.097811468,0.073358601,0.012226434,0.097811468,0.110037902,2.115173004,0.501283776,0,0.024452867,0.036679301,0.061132168,0,0,0.012226434,0.244528671,1.51607776,0.122264335,0.048905734,0.036679301,0,0.012226434,0,0,0.024452867,0,0.036679301,0,0.012226434,0.024452867,0,0,0.012226434,0.012226434,0,0,0,0,0.024452867,0.513510209,4.51155398,4.413742511,4.242572442,0.623548111,4.621591882,0,7.323633696,5.09842279,2.579777479,5.30627216,6.247707544,0.024452867,0.146717203,3.704609365
19,15 mb,control,4.671280277,0.153787005,9.669357939,6.1514802,0.230680507,0.038446751,0.269127259,0.057670127,0.076893502,1.53787005,0.134563629,0.057670127,0.326797386,0.845828527,0,0,0.057670127,0,0.038446751,0.076893502,0.038446751,0.019223376,0.057670127,0.038446751,0.115340254,0,0.038446751,0.038446751,0.038446751,0.019223376,0,0.057670127,0.076893502,0.076893502,0.096116878,0.019223376,0,1.999231065,0.134563629,0.019223376,0,0.038446751,0.134563629,0,0,0.038446751,0.173010381,1.730103806,0.019223376,0,0.019223376,0.019223376,0.019223376,0,0.019223376,0,0,0,0,0,0.057670127,0.038446751,0,0.019223376,0.038446751,0,0,0.019223376,0.057670127,0,0.230680507,4.671280277,4.555940023,3.921568627,0.192233756,5.267204921,0.019223376,6.978085352,5.401768551,2.479815456,5.920799692,6.209150327,0.057670127,0.115340254,3.825451749
20,150 mb,control,2.84629981,0.379506641,14.61100569,6.261859583,0.189753321,0,0.189753321,0,0,1.328273245,0,0.189753321,0.189753321,0.379506641,0,0,0,0,0,0,0,0,0.189753321,0,0.189753321,0,0,0,0,0,0.189753321,0,0,0,0,0.189753321,0,0.569259962,0,0,0,0,0.189753321,0,0,0,0,1.138519924,0,0,0,0.189753321,0.189753321,0,0,0,0,0.189753321,0,0,0,0,0,0.189753321,0,0,0,0,0,0,0.189753321,2.84629981,4.364326376,2.65654649,0.189753321,5.123339658,0,9.297912713,3.984819734,1.138519924,5.882352941,6.261859583,0,0,3.795066414
21,15 mb,Strepto,4.885106383,0.69787234,8.782978723,6.382978723,0.017021277,0.085106383,0.255319149,0.10212766,0.05106383,1.089361702,0.085106383,0.034042553,0.323404255,0.629787234,0.017021277,0.034042553,0.255319149,0.05106383,0.085106383,0.034042553,0.10212766,0.034042553,0.085106383,0.10212766,0.323404255,0.068085106,0.170212766,0.170212766,0.10212766,0.068085106,0.034042553,0.170212766,0.136170213,0.119148936,0.017021277,0.017021277,0.136170213,1.821276596,0.017021277,0.05106383,0.05106383,0.017021277,0.034042553,0.017021277,0.017021277,0.153191489,0.034042553,1.49787234,0.034042553,0,0.10212766,0.034042553,0,0.017021277,0.05106383,0.034042553,0,0.034042553,0,0.068085106,0.05106383,0.017021277,0.05106383,0,0.034042553,0,0,0.017021277,0.034042553,0.034042553,0.017021277,4.578723404,4.612765957,3.659574468,0.017021277,5.106382979,0.068085106,6.638297872,4.817021277,2.263829787,5.072340426,6.4,0.017021277,0.578723404,3.455319149
22,150 mb,Strepto,4.19324196,0.271407247,9.702809065,5.401004207,0.122133261,0.013570362,0.393540508,0.149273986,0.054281449,1.085628986,0.054281449,0.040711087,0.366399783,0.936355001,0,0,0.067851812,0.027140725,0.189985073,0.067851812,0.054281449,0.094992536,0.040711087,0.108562899,0.122133261,0.027140725,0.081422174,0.081422174,0.054281449,0.054281449,0,0.067851812,0.094992536,0.094992536,0.054281449,0,0.094992536,2.401954132,0.067851812,0.013570362,0,0.027140725,0.17641471,0,0,0.013570362,0.054281449,1.9812729,0.067851812,0,0,0.027140725,0.013570362,0,0.013570362,0,0,0.067851812,0,0,0.040711087,0.013570362,0.040711087,0.027140725,0,0.040711087,0.013570362,0,0.013570362,0.040711087,0.122133261,4.084679061,4.668204641,4.858189714,0.17641471,4.912471163,0.013570362,6.893744063,4.613923192,2.999050075,5.563848555,5.428144931,0.027140725,0.244266522,3.419731307
23,15 mb,Strepto,4.180478821,0.313075506,7.826887661,5.672191529,0.092081031,0.036832413,0.497237569,0.018416206,0.073664825,1.38121547,0.128913444,0,0.239410681,0.552486188,0,0,0.036832413,0.073664825,0.128913444,0.073664825,0.036832413,0.128913444,0,0.092081031,0.184162063,0.018416206,0.165745856,0.165745856,0.128913444,0.018416206,0.055248619,0.036832413,0.036832413,0.055248619,0.073664825,0.055248619,0.036832413,1.786372007,0.036832413,0,0,0.128913444,0.128913444,0.018416206,0,0.018416206,0.018416206,1.510128913,0.073664825,0,0,0.036832413,0.018416206,0,0,0,0,0.110497238,0,0,0.073664825,0.018416206,0.018416206,0.073664825,0,0.092081031,0.018416206,0.036832413,0.036832413,0.055248619,0.092081031,4.051565378,4.272559853,4.438305709,0.092081031,4.401473297,0.018416206,6.887661142,5.451197053,2.357274401,5.451197053,5.635359116,0.055248619,0.257826888,3.057090239
24,150 mb,Strepto,3.191489362,0.212765957,11.59574468,4.14893617,0.106382979,0,0.319148936,0,0.319148936,1.808510638,0.319148936,0.106382979,0.212765957,0.212765957,0,0,0.106382979,0,0.106382979,0,0,0,0.212765957,0.319148936,0.212765957,0,0,0,0.106382979,0,0,0.106382979,0,0,0.106382979,0,0,0.638297872,0,0,0.106382979,0,0.425531915,0,0,0.106382979,0,0.531914894,0.212765957,0,0,0,0.106382979,0,0,0,0,0.106382979,0,0,0,0,0.106382979,0,0,0,0,0,0.106382979,0.319148936,0.106382979,2.978723404,3.191489362,3.617021277,0,4.468085106,0,8.829787234,3.936170213,1.595744681,6.382978723,4.14893617,0,0.425531915,2.234042553
25,15 mb,Strepto,3.35954253,0.42887777,12.50893495,5.432451751,0.142959257,0,0.42887777,0.214438885,0.142959257,1.215153681,0.42887777,0.071479628,0.142959257,0.285918513,0,0,0.071479628,0,0.071479628,0.214438885,0.071479628,0.071479628,0,0.214438885,0,0.071479628,0,0,0.071479628,0,0.071479628,0,0,0,0,0.071479628,0,1.000714796,0.071479628,0.071479628,0,0,0.142959257,0,0,0,0.071479628,0.500357398,0.214438885,0,0.071479628,0,0,0,0.071479628,0,0.071479628,0.142959257,0,0,0.142959257,0.071479628,0.071479628,0,0,0,0,0,0,0.071479628,0.142959257,3.145103645,3.716940672,4.21729807,0.142959257,3.073624017,0.071479628,8.791994282,4.002859185,0.929235168,5.218012866,5.432451751,0,0.142959257,2.644746247
26,150 mb,Strepto,4.942716858,0.130932897,12.34042553,7.234042553,0.196399345,0.065466448,0.196399345,0.327332242,0.130932897,1.309328969,0.22913257,0,0.032733224,0.098199673,0,0,0.032733224,0.032733224,0.032733224,0,0.032733224,0.032733224,0,0,0.032733224,0.098199673,0,0,0.098199673,0.065466448,0.032733224,0.130932897,0.130932897,0.098199673,0.163666121,0.065466448,0.032733224,0.654664484,0.327332242,0.065466448,0.065466448,0.065466448,0.196399345,0,0,0,0.032733224,0.589198036,0.098199673,0.065466448,0,0.065466448,0,0,0.065466448,0.032733224,0.065466448,0.130932897,0,0,0.065466448,0.032733224,0.032733224,0.032733224,0,0,0,0,0.065466448,0.130932897,0.196399345,2.880523732,3.829787234,3.436988543,0.196399345,2.978723404,0.032733224,8.543371522,3.960720131,1.374795417,4.779050736,7.299509002,0.098199673,0.196399345,2.847790507
27,15 mb,Strepto,3.952781256,0.286174209,10.85673404,5.848685387,0.697549633,0.017885888,0.411375425,0.053657664,0.017885888,1.627615811,0.071543552,0.143087104,0.232516544,0.715435521,0.053657664,0.035771776,0.08942944,0.071543552,0.071543552,0.107315328,0.035771776,0.017885888,0.053657664,0.107315328,0.125201216,0.143087104,0.107315328,0.107315328,0.053657664,0.053657664,0.053657664,0.08942944,0.053657664,0.160972992,0,0.053657664,0.053657664,1.860132356,0.429261313,0.017885888,0,0.071543552,0.08942944,0.017885888,0.017885888,0,0.250402432,1.341441603,0.250402432,0.017885888,0,0,0,0,0.017885888,0,0,0.107315328,0.017885888,0,0.035771776,0.017885888,0,0.071543552,0.017885888,0.017885888,0,0,0.035771776,0.053657664,0.697549633,3.970667144,4.256841352,3.666607047,0.661777857,3.845465927,0.071543552,8.477910928,4.864961545,2.110534788,5.544625291,5.830799499,0.035771776,0.232516544,3.505634055
28,150 mb,Strepto,2.477183833,0.260756193,16.68839635,6.910039113,1.043024772,0,0.391134289,0,0.260756193,1.043024772,0,0.260756193,0.260756193,0.130378096,0,0,0.260756193,0,0,0.391134289,0,0,0,0,0.130378096,0,0,0,0.130378096,0,0.391134289,0.130378096,0,0,0,0,0,0.782268579,0.391134289,0,0,0,0.130378096,0,0,0,0.130378096,0.782268579,0,0,0.130378096,0.130378096,0,0,0,0,0,0.130378096,0,0,0.130378096,0,0,0,0,0,0,0,0,0,1.043024772,3.259452412,3.520208605,2.346805737,0.260756193,3.129074316,0,9.908735332,3.389830508,0.651890482,5.736636245,6.910039113,0,0.130378096,3.129074316
29,15 mb,Strepto,2.638190955,0.628140704,13.5678392,4.396984925,0,0.251256281,0.502512563,0.251256281,0,1.130653266,0.125628141,0,0,0,0,0,0.125628141,0,0.125628141,0,0,0.125628141,0.125628141,0.251256281,0.125628141,0,0,0,0,0.125628141,0.125628141,0,0.125628141,0.125628141,0,0,0,0.376884422,0,0,0.125628141,0,0.251256281,0,0.125628141,0,0,0.753768844,0,0.125628141,0,0,0.125628141,0,0,0,0,0,0,0,0.125628141,0,0,0,0,0,0,0,0,0,0,2.889447236,3.015075377,4.648241206,0,2.889447236,0,10.92964824,3.391959799,0.502512563,3.894472362,4.396984925,0,0.251256281,1.633165829
30,150 mb,Strepto,3.349282297,0.119617225,13.39712919,5.741626794,0.23923445,0.119617225,0.23923445,0,0,1.196172249,0,0.119617225,0,0.23923445,0,0,0.119617225,0.119617225,0,0,0.119617225,0,0,0,0,0.23923445,0,0,0,0,0,0,0,0.119617225,0,0.119617225,0,0.717703349,0,0,0.119617225,0,0.119617225,0,0,0,0,0.358851675,0.23923445,0,0,0,0,0,0,0,0,0,0,0,0,0,0,0.119617225,0,0,0,0,0.119617225,0,0.23923445,2.990430622,3.827751196,4.066985646,0.119617225,3.708133971,0,9.928229665,3.468899522,1.315789474,6.459330144,5.741626794,0,0.23923445,3.827751196
31,15 mb,cellvibrio,2.680067002,0.301507538,5.326633166,4.05360134,0.100502513,0.100502513,1.105527638,0.502512563,0.2680067,0.469011725,0.100502513,0.033500838,0.033500838,0.201005025,0.067001675,0.033500838,0.201005025,0.100502513,0.13400335,0.067001675,0.067001675,0.067001675,0.033500838,0.033500838,0.067001675,0,0.033500838,0.033500838,0.067001675,0.201005025,0.033500838,0.067001675,0.167504188,0.100502513,0.100502513,0.100502513,0,1.407035176,0,0,0.033500838,0.067001675,0.033500838,0,0,0.033500838,0.100502513,0.971524288,0.033500838,0,0.033500838,0.100502513,0.067001675,0.033500838,0,0,0.067001675,0.100502513,0.033500838,0,0.13400335,0.167504188,0.033500838,0.201005025,0,0.100502513,0.167504188,0.2680067,0.033500838,0.301507538,0.100502513,3.51758794,3.752093802,4.120603015,0.033500838,3.78559464,0,4.690117253,3.886097152,1.775544389,3.584589615,4.020100503,0.033500838,0.5360134,2.211055276
32,150 mb,cellvibrio,3.176498686,0.214951039,7.642703606,4.537855266,0.119417244,0.095533795,0.740386912,0.286601385,0.119417244,1.074755195,0.358251732,0,0.071650346,0.167184141,0.047766898,0,0.047766898,0.095533795,0.047766898,0.047766898,0,0.047766898,0,0.071650346,0.047766898,0.023883449,0.047766898,0.047766898,0.023883449,0.023883449,0,0,0.071650346,0.047766898,0.047766898,0,0.047766898,1.647957965,0.095533795,0,0.023883449,0.023883449,0.095533795,0,0,0.023883449,0.047766898,1.122522092,0.023883449,0,0.047766898,0,0.023883449,0,0,0,0.047766898,0.119417244,0.047766898,0.023883449,0.047766898,0.023883449,0.167184141,0.262717936,0,0.238834488,0.071650346,0.334368283,0,0.047766898,0.119417244,3.248149033,3.89300215,4.872223549,0.143300693,4.155720086,0,5.8275615,3.773584906,1.791258658,4.513971818,4.561738715,0.023883449,0.262717936,2.507762121
33,15 mb,cellvibrio,2.627324171,0.323362975,6.790622474,4.365400162,0.080840744,0.040420372,0.444624091,0.687146322,0.121261116,0.889248181,0.080840744,0.040420372,0.121261116,0.080840744,0.040420372,0,0.040420372,0.040420372,0.080840744,0.040420372,0,0,0.040420372,0.040420372,0.080840744,0.040420372,0,0,0.040420372,0,0,0,0.040420372,0.121261116,0,0,0,0.565885206,0,0.080840744,0.161681487,0,0.040420372,0,0,0,0.040420372,0.889248181,0.040420372,0.040420372,0,0.040420372,0.040420372,0.121261116,0.080840744,0,0.040420372,0,0,0.121261116,0,0.161681487,0,0.121261116,0.040420372,0.121261116,0,0.202101859,0,0.121261116,0.080840744,2.991107518,3.395311237,3.354890865,0.080840744,4.042037187,0.282942603,6.345998383,2.950687146,1.253031528,3.516572352,4.365400162,0,0.282942603,2.061438965
34,150 mb,cellvibrio,2.187720536,0.211714891,6.91601976,3.775582216,0.07057163,0.105857445,0.705716302,0.529287227,0.105857445,1.199717713,0.282286521,0.035285815,0.07057163,0.14114326,0.105857445,0,0,0.211714891,0.07057163,0.07057163,0.035285815,0.07057163,0.07057163,0,0.07057163,0,0.035285815,0.035285815,0.035285815,0.035285815,0,0.07057163,0,0,0,0,0.07057163,1.199717713,0.07057163,0.035285815,0.07057163,0.14114326,0.14114326,0,0,0.035285815,0,0.635144672,0.14114326,0,0,0,0.07057163,0.07057163,0.035285815,0,0,0.07057163,0,0.105857445,0.035285815,0.247000706,0.105857445,0.176429076,0.035285815,0.07057163,0.247000706,0.176429076,0.035285815,0.105857445,0.07057163,2.717007763,3.52858151,4.375441073,0.07057163,3.846153846,0.105857445,5.786873677,2.858151023,1.023288638,4.057868737,3.810868031,0.035285815,0.317572336,1.693719125
35,15 mb,cellvibrio,2.757949384,0.324464633,7.852044127,4.931862427,0.064892927,0,0.616482803,0.162232317,0.064892927,0.940947437,0.162232317,0.064892927,0.09733939,0.259571707,0.032446463,0,0.09733939,0.064892927,0.09733939,0.064892927,0,0,0.064892927,0.064892927,0.129785853,0,0,0,0.129785853,0.064892927,0.032446463,0.032446463,0.064892927,0.09733939,0,0.032446463,0.032446463,1.07073329,0.064892927,0.09733939,0.19467878,0.064892927,0.09733939,0.032446463,0,0,0.032446463,0.713822193,0.09733939,0,0,0.032446463,0.032446463,0.064892927,0.09733939,0,0,0.09733939,0,0.032446463,0.064892927,0.227125243,0,0.162232317,0.032446463,0.064892927,0.064892927,0.09733939,0,0.032446463,0.064892927,3.244646334,3.40687865,2.887735237,0.032446463,3.958468527,0.032446463,6.456846204,2.9201817,1.16807268,3.828682674,4.931862427,0.032446463,0.421804023,2.14146658
36,150 mb,cellvibrio,3.139126067,0.150678051,9.316926168,5.173279759,0.401808137,0.025113009,0.778503265,0.100452034,0.050226017,1.305876444,0.200904068,0.075339026,0.226017077,0.401808137,0.075339026,0.025113009,0.100452034,0.075339026,0.050226017,0.050226017,0,0.050226017,0.050226017,0.075339026,0.075339026,0.075339026,0,0,0.025113009,0,0.050226017,0,0.025113009,0.075339026,0.025113009,0,0.025113009,1.607232546,0.452034154,0.075339026,0,0.100452034,0.150678051,0,0,0,0.100452034,1.180311401,0.075339026,0.025113009,0,0.050226017,0.025113009,0,0.075339026,0,0,0.075339026,0.025113009,0.025113009,0.025113009,0.125565043,0.075339026,0.226017077,0,0.075339026,0,0.050226017,0,0.075339026,0.401808137,3.063787042,3.766951281,4.043194375,0.326469111,3.917629332,0.050226017,7.358111502,3.566047212,1.983927675,4.570567554,5.173279759,0,0.17579106,3.314917127
37,15 mb,cellvibrio,3.199360128,0.179964007,9.298140372,5.25894821,0.459908018,0.019996001,0.719856029,0.099980004,0.039992002,1.23975205,0.139972006,0.059988002,0.23995201,0.619876025,0.019996001,0.019996001,0.059988002,0.039992002,0.019996001,0.039992002,0.019996001,0,0.019996001,0.039992002,0.059988002,0.059988002,0.019996001,0.019996001,0.039992002,0.019996001,0.039992002,0,0.059988002,0.079984003,0.019996001,0,0.059988002,1.339732054,0.379924015,0,0.059988002,0.019996001,0.039992002,0.019996001,0,0.039992002,0.179964007,1.159768046,0.099980004,0,0,0.059988002,0.039992002,0.019996001,0,0,0.019996001,0.119976005,0.019996001,0.019996001,0.059988002,0.119976005,0.019996001,0.199960008,0.019996001,0.119976005,0.059988002,0.23995201,0,0.079984003,0.459908018,3.159368126,3.799240152,3.819236153,0.399920016,4.23915217,0.059988002,6.918616277,3.419316137,1.719656069,4.879024195,5.218956209,0.039992002,0.179964007,3.23935213
38,150 mb,cellvibrio,3.767123288,0.126171593,8.363374189,5.425378515,0.360490267,0.018024513,0.684931507,0.036049027,0.072098053,1.315789474,0.126171593,0.05407354,0.306416727,0.630857967,0,0.018024513,0.072098053,0.090122567,0.05407354,0.05407354,0,0.036049027,0.036049027,0.05407354,0.05407354,0.036049027,0.036049027,0.036049027,0,0.036049027,0.036049027,0.018024513,0.018024513,0.090122567,0,0.05407354,0.018024513,1.694304254,0.252343187,0.018024513,0.05407354,0.05407354,0.072098053,0,0,0,0.198269647,1.207642394,0.036049027,0.05407354,0,0.090122567,0.018024513,0.018024513,0.018024513,0.018024513,0,0.036049027,0.036049027,0.036049027,0.036049027,0.16222062,0.036049027,0.180245133,0.018024513,0.018024513,0.018024513,0.144196107,0,0.072098053,0.360490267,3.677000721,4.307858688,3.857245854,0.306416727,4.037490988,0.090122567,6.182408075,4.452054795,2.090843547,4.758471521,5.425378515,0.018024513,0.180245133,3.100216294
39,15 mb,cellvibrio,4.146073586,0.109829764,10.59857221,6.013179572,0.549148819,0.054914882,0.741350906,0.192202087,0.192202087,1.263042284,0,0,0.439319055,0.686436024,0,0,0.027457441,0.082372323,0.082372323,0.027457441,0,0.054914882,0.027457441,0.027457441,0.027457441,0,0.054914882,0.054914882,0.054914882,0.027457441,0.054914882,0.082372323,0.109829764,0.082372323,0.054914882,0.082372323,0.027457441,1.619989017,0.961010434,0,0,0.054914882,0.247116969,0,0,0.027457441,0.054914882,1.867105986,0,0.054914882,0.027457441,0.027457441,0,0.082372323,0,0,0.027457441,0.109829764,0,0,0.109829764,0.054914882,0.027457441,0.082372323,0,0.109829764,0,0.027457441,0,0.027457441,0.549148819,3.651839649,3.349807798,4.530477759,0.521691378,2.773201538,0.082372323,8.841295991,4.036243822,2.196595277,4.008786381,6.040637013,0.027457441,0.164744646,2.937946183
40,150 mb,cellvibrio,3.5677029,0.250365116,7.615272272,5.132484874,0.187773837,0.02086376,1.064051742,0.041727519,0.062591279,1.1892343,0.166910077,0.02086376,0.354683914,0.688504068,0.041727519,0,0.146046318,0.02086376,0.041727519,0,0.041727519,0,0.062591279,0.166910077,0.041727519,0.02086376,0.041727519,0.041727519,0.02086376,0.041727519,0.041727519,0.041727519,0.041727519,0.125182558,0.062591279,0.062591279,0.02086376,1.77341957,0.146046318,0.062591279,0,0.083455039,0.041727519,0,0,0,0.041727519,1.585645733,0.041727519,0.062591279,0.041727519,0.062591279,0.02086376,0.041727519,0.062591279,0.02086376,0,0.041727519,0,0,0.02086376,0.208637596,0.02086376,0.187773837,0,0.062591279,0.062591279,0.146046318,0.041727519,0.083455039,0.187773837,3.5677029,3.922386814,3.484247861,0.146046318,4.026705612,0.104318798,6.342582933,3.943250574,2.044648446,4.819528479,5.132484874,0.041727519,0.375547674,3.421656583
41,15 mb,Tricho,4.096733442,0.64970222,8.698790832,5.504421585,0.018047284,0,0.360945678,0,0.090236419,1.20916802,0.054141852,0.018047284,0.288756542,0.830175059,0.018047284,0,0.32485111,0.036094568,0.108283703,0.198520123,0.072189136,0.072189136,0.162425555,0.090236419,0.32485111,0.054141852,0.180472839,0.180472839,0.072189136,0.054141852,0.018047284,0.270709258,0.342898394,0.23461469,0.090236419,0.036094568,0.198520123,1.949106659,0.036094568,0.018047284,0,0.018047284,0.036094568,0,0,0,0,1.786681104,0.198520123,0,0,0.054141852,0.018047284,0,0.018047284,0,0,0.090236419,0,0.054141852,0.090236419,0,0,0.090236419,0.018047284,0,0,0,0.036094568,0.090236419,0.018047284,4.186969861,4.638151958,4.475726403,0.036094568,4.493773687,0.036094568,7.634001083,4.620104674,2.670998015,5.558563436,5.558563436,0.018047284,0.469229381,3.410936654
42,150 mb,Tricho,3.582142227,0.352920416,8.064231516,6.511381683,0.088230104,0,0.229398271,0.035292042,0.088230104,1.411681666,0.158814187,0.035292042,0.299982354,0.847008999,0.017646021,0,0.105876125,0.070584083,0.176460208,0.070584083,0.105876125,0.105876125,0.123522146,0.282336333,0.052938062,0.070584083,0.123522146,0.123522146,0.052938062,0.017646021,0.052938062,0.035292042,0.123522146,0.176460208,0.052938062,0.035292042,0.017646021,3.193929769,0.088230104,0,0,0.017646021,0.105876125,0,0,0,0.035292042,1.817540145,0.088230104,0,0.017646021,0,0.017646021,0,0,0,0,0.035292042,0,0.017646021,0.070584083,0.017646021,0,0.052938062,0.017646021,0,0.017646021,0.017646021,0.017646021,0.017646021,0.088230104,7.852479266,5.57614258,3.158637727,0.123522146,3.988000706,0.052938062,6.917240162,4.658549497,2.399858832,5.293806247,6.529027704,0.035292042,0.229398271,3.599788248
43,15 mb,Tricho,4.021795537,0.492994292,10.11935651,5.682407888,0.12973534,0.077841204,0.311364816,0.025947068,0.103788272,1.193565127,0.025947068,0,0.337311884,0.700570835,0,0,0.103788272,0.077841204,0.155682408,0.051894136,0.025947068,0,0.025947068,0.207576544,0.181629476,0.025947068,0.38920602,0.38920602,0.103788272,0.051894136,0.051894136,0.077841204,0.103788272,0.103788272,0.051894136,0.025947068,0.103788272,1.660612351,0.077841204,0,0.025947068,0.077841204,0.025947068,0.025947068,0,0.025947068,0.103788272,0.985988583,0.285417748,0.025947068,0.025947068,0.025947068,0,0.025947068,0,0.025947068,0,0.155682408,0,0,0,0,0,0.103788272,0,0,0,0,0.051894136,0.12973534,0.12973534,3.840166061,4.644525169,4.411001557,0.12973534,4.644525169,0,8.199273482,4.177477945,2.205500778,5.708354956,5.682407888,0.025947068,0.415153088,3.450960042
44,150 mb,Tricho,4.185719311,0.298979951,8.406612733,5.100246219,0.017587056,0.017587056,0.597959902,0.105522336,0.035174112,1.741118537,0.158283503,0.035174112,0.211044671,0.527611678,0,0.017587056,0.123109391,0.035174112,0.070348224,0.035174112,0.017587056,0.017587056,0.070348224,0.052761168,0.105522336,0.035174112,0.105522336,0.105522336,0.070348224,0,0.017587056,0.017587056,0.105522336,0.105522336,0.017587056,0,0.035174112,2.655645445,0.035174112,0,0,0.035174112,0.08793528,0.017587056,0,0,0.052761168,1.776292649,0.070348224,0,0.017587056,0.035174112,0.017587056,0,0,0.017587056,0.017587056,0.228631727,0,0,0.123109391,0,0,0,0.017587056,0,0,0,0.035174112,0.035174112,0.017587056,3.869152304,5.240942666,4.045022863,0.017587056,3.88673936,0,7.175518818,6.788603588,3.060147731,7.404150545,5.100246219,0.035174112,0.211044671,3.482237074
45,15 mb,Tricho,3.634926906,0.375345713,11.49743185,6.045041486,0.138285263,0,0.217305413,0.019755038,0.138285263,1.145792177,0.23706045,0.059265113,0.217305413,0.414855788,0.019755038,0,0.118530225,0.039510075,0.23706045,0,0.256815488,0.059265113,0.059265113,0.296325563,0.118530225,0.098775188,0.118530225,0.118530225,0.23706045,0.276570525,0.098775188,0.098775188,0.118530225,0.138285263,0.039510075,0.039510075,0.138285263,2.133544054,0.098775188,0,0,0.07902015,0.07902015,0,0,0,0.039510075,1.027261952,0.395100751,0,0.039510075,0.07902015,0.019755038,0,0,0.019755038,0,0.07902015,0,0,0.098775188,0,0,0.019755038,0.098775188,0,0,0,0.019755038,0.019755038,0.138285263,7.2105887,4.701698933,3.022520743,0.098775188,3.378111418,0.059265113,7.981035164,6.321612011,2.133544054,5.412880284,5.906756223,0,0.335835638,2.80521533
46,150 mb,Tricho,4.029105126,0.217202433,9.784969592,5.462641182,0.619026933,0.043440487,0.749348393,0.043440487,0.032580365,1.379235447,0.195482189,0.076020851,0.66246742,1.205473501,0.010860122,0.010860122,0.108601216,0.086880973,0.108601216,0.054300608,0.06516073,0,0.054300608,0.054300608,0.152041703,0.076020851,0.06516073,0.06516073,0.021720243,0.054300608,0.043440487,0.032580365,0.097741095,0.076020851,0.032580365,0.010860122,0.076020851,2.269765421,0.629887055,0,0.010860122,0.043440487,0.108601216,0,0,0.043440487,0.217202433,2.052562989,0.173761946,0.021720243,0.021720243,0.032580365,0.032580365,0,0,0,0.032580365,0.119461338,0,0,0.021720243,0.021720243,0,0.010860122,0.032580365,0,0,0,0.054300608,0.010860122,0.629887055,4.213727194,4.246307559,3.811902693,0.59730669,3.898783666,0.021720243,7.64552563,5.701563858,2.834491746,5.831885317,5.45178106,0.06516073,0.206342311,3.562119896
47,15 mb,Tricho,4.211247111,0.205426688,9.740648806,5.983052298,0.718993409,0.017118891,0.522126166,0.077035008,0.034237781,1.386630146,0.102713344,0.145510571,0.505007276,0.958657879,0.017118891,0.017118891,0.11127279,0.059916117,0.085594453,0.051356672,0.059916117,0.034237781,0.034237781,0.034237781,0.136951126,0.042797227,0.12839168,0.12839168,0.042797227,0.119832235,0.008559445,0.068475563,0.077035008,0.102713344,0.051356672,0.034237781,0.059916117,2.139861337,0.684755628,0.017118891,0.008559445,0.051356672,0.094153899,0,0,0.008559445,0.36805615,1.703329624,0.11127279,0,0.025678336,0.025678336,0.017118891,0,0.017118891,0.008559445,0.008559445,0.094153899,0,0,0.068475563,0.017118891,0,0.008559445,0.017118891,0.034237781,0,0.008559445,0.034237781,0.042797227,0.718993409,4.125652658,4.519387144,3.800393734,0.693315073,4.228366002,0.034237781,7.361122999,4.981597193,2.490798596,5.837541727,6.000171189,0.051356672,0.25678336,3.731918172
48,150 mb,Tricho,4.46591179,0.1425291,9.09810753,6.437564336,0.546361549,0.015836567,0.403832449,0,0.0475097,1.306516747,0.134610816,0.087101116,0.427587299,0.871011165,0.015836567,0.015836567,0.07126455,0.087101116,0.0475097,0.015836567,0.079182833,0.02375485,0.015836567,0.079182833,0.07126455,0.031673133,0.087101116,0.087101116,0.031673133,0.031673133,0.039591417,0.039591417,0.07126455,0.0475097,0.039591417,0,0.02375485,2.438831261,0.483015282,0,0.015836567,0.02375485,0.102937683,0,0,0,0.285058199,1.726185763,0.11877425,0,0.02375485,0.031673133,0.015836567,0.007918283,0,0.007918283,0.015836567,0.079182833,0.007918283,0.007918283,0.0475097,0,0.007918283,0.015836567,0,0.007918283,0,0,0,0.02375485,0.546361549,5.756591971,5.123129306,3.618655475,0.514688416,4.141262174,0.039591417,6.952252752,5.416105788,2.763480877,5.851611371,6.390054636,0.0475097,0.1900388,3.705756592
49,15 mb,Tricho,4.173431382,0.649412664,9.36873269,5.873364531,0.191003725,0.009550186,0.229204469,0.009550186,0.019100372,1.251074396,0.171903352,0.057301117,0.401107822,0.73536434,0.028650559,0.019100372,0.410658008,0.047750931,0.15280298,0.095501862,0.066851304,0.057301117,0.095501862,0.162353166,0.42975838,0.028650559,0.238754656,0.238754656,0.191003725,0.047750931,0.019100372,0.219654283,0.229204469,0.171903352,0.038200745,0,0.315156146,2.320695254,0.095501862,0.019100372,0,0.047750931,0.038200745,0,0.009550186,0,0.057301117,1.566230541,0.238754656,0.019100372,0.038200745,0.009550186,0.009550186,0.009550186,0.019100372,0,0,0.162353166,0.009550186,0,0.047750931,0.019100372,0,0.019100372,0.019100372,0.009550186,0,0,0.009550186,0.019100372,0.191003725,6.484576449,5.042498329,3.514468532,0.114602235,3.906026168,0.07640149,7.324992837,5.777862668,2.387546557,5.558208385,5.94976602,0.009550186,0.611211919,3.218412759
50,150 mb,Tricho,4.420401855,0.185471406,10.78825348,6.336939722,0.432766615,0.123647604,0.432766615,0,0.092735703,1.081916538,0.092735703,0.092735703,0.123647604,0.587326121,0,0.030911901,0.123647604,0.030911901,0.030911901,0.030911901,0,0,0.030911901,0.061823802,0.154559505,0.030911901,0,0,0.030911901,0,0.030911901,0,0.061823802,0.092735703,0,0,0.030911901,2.00927357,0.340030912,0,0,0.030911901,0.030911901,0.030911901,0,0,0.092735703,1.42194745,0.061823802,0,0,0,0,0,0,0,0,0.061823802,0,0,0.030911901,0,0,0.030911901,0.092735703,0,0,0,0.030911901,0.030911901,0.432766615,4.204018547,4.791344668,3.894899536,0.340030912,3.956723338,0,8.315301391,4.914992272,2.411128284,6.306027821,6.336939722,0.030911901,0.123647604,3.771251932
51,15 mb,pre (1:5),4.030960997,1.085645356,6.162042622,5.48854041,0.030156815,0.020104544,0.341777242,0.050261359,0.030156815,0.975070366,0.020104544,0.010052272,0.934861279,1.568154403,0.120627262,0,0.824286289,0.030156815,0,0.723763571,0.030156815,0.010052272,0.653397668,0.020104544,1.005227181,0.030156815,0.432247688,0.432247688,0,0.030156815,0.100522718,0.603136309,0.824286289,0.733815842,0,0.170888621,0.532770406,2.864897467,0.020104544,0.010052272,0.030156815,0,0.030156815,0,0,0,0.010052272,2.412545235,0.040209087,0,0.030156815,0.060313631,0,0,0.010052272,0,0,0.030156815,0.010052272,0.010052272,0.070365903,0,0,0.020104544,0.040209087,0,0.010052272,0,0.030156815,0.010052272,0.030156815,4.774829111,4.855247286,3.860072376,0.020104544,5.15681544,0.030156815,5.810213108,4.684358665,3.146361078,5.337756333,5.498592682,0.010052272,0.703659027,4.081222356
52,150 mb,pre (1:5),4.435716761,0.127064803,8.536444496,5.175002888,0.231026915,0,0.32343768,0.023102691,0.173270186,1.178237265,0.08085942,0.08085942,0.612221324,1.224442648,0.034654037,0.011551346,0.103962112,0.023102691,0.103962112,0.103962112,0.023102691,0.011551346,0.103962112,0.08085942,0.08085942,0.011551346,0.057756729,0.057756729,0.011551346,0.011551346,0.057756729,0.08085942,0.138616149,0.069308074,0.011551346,0.034654037,0.069308074,3.892803512,0.24257826,0,0,0.023102691,0.16171884,0,0,0.011551346,0.138616149,2.217858381,0.092410766,0.011551346,0.011551346,0.046205383,0,0.011551346,0,0,0,0.069308074,0,0,0.034654037,0,0.023102691,0.011551346,0.011551346,0.046205383,0.011551346,0,0.023102691,0.023102691,0.231026915,4.250895229,5.856532286,4.354857341,0.196372877,5.082592122,0.023102691,6.410996881,4.389511378,3.292133534,5.509991914,5.198105579,0.023102691,0.138616149,4.146933118
53,15 mb,pre (1:5),4.235760634,0.288392213,7.570295602,5.695746215,0.16222062,0,0.5407354,0.126171593,0.126171593,1.333813987,0.036049027,0,0.522710887,1.117519827,0.036049027,0.036049027,0.21629416,0.036049027,0.05407354,0.126171593,0.05407354,0,0.10814708,0.05407354,0.234318673,0.072098053,0.180245133,0.180245133,0.05407354,0.05407354,0.072098053,0.126171593,0.144196107,0.126171593,0.018024513,0.072098053,0.090122567,2.577505407,0.10814708,0,0.05407354,0.072098053,0.018024513,0,0,0.036049027,0.036049027,1.964671954,0.10814708,0,0.05407354,0.090122567,0.036049027,0,0,0,0.018024513,0.036049027,0,0,0.10814708,0,0.018024513,0.036049027,0,0.036049027,0,0.018024513,0.05407354,0,0.16222062,4.397981255,4.848594088,4.037490988,0.126171593,5.875991348,0.05407354,6.506849315,4.632299928,2.937995674,5.173035328,5.713770728,0.036049027,0.234318673,3.731074261
54,150 mb,pre (1:5),4.008394544,0.125918153,8.898216159,5.498426023,0.167890871,0,0.461699895,0.020986359,0.083945435,1.636935992,0.251836306,0.020986359,0.37775446,0.818467996,0.041972718,0,0.041972718,0.041972718,0.146904512,0.083945435,0,0,0.041972718,0.062959077,0.146904512,0.041972718,0.041972718,0.041972718,0.020986359,0.020986359,0.083945435,0.083945435,0.041972718,0.020986359,0,0.020986359,0.020986359,3.231899265,0.125918153,0,0.041972718,0.020986359,0.062959077,0,0,0,0.041972718,1.930745016,0.020986359,0,0,0.062959077,0,0,0,0,0,0.041972718,0,0,0.041972718,0,0,0,0,0,0,0,0.020986359,0.020986359,0.167890871,4.533053515,5.330535152,4.742917104,0.167890871,5.267576076,0.020986359,6.442812172,4.679958027,2.833158447,5.456453305,5.435466946,0,0.125918153,4.029380902
55,15 mb,pre (1:5),4.357846218,0.251414205,9.74230044,5.929184999,0.398072491,0.020951184,0.523779594,0.041902367,0.020951184,1.17326629,0.020951184,0.041902367,0.607584329,1.110412738,0,0,0.146658286,0,0.041902367,0.104755919,0.041902367,0.020951184,0.083804735,0.041902367,0.188560654,0.083804735,0.041902367,0.041902367,0.041902367,0.020951184,0.041902367,0.041902367,0.104755919,0.062853551,0.020951184,0.041902367,0.062853551,2.556044417,0.377121307,0.020951184,0.020951184,0,0.062853551,0,0,0,0.083804735,2.137020742,0,0.020951184,0,0.020951184,0,0,0.020951184,0,0,0.020951184,0,0,0.020951184,0.020951184,0,0.020951184,0.020951184,0,0,0,0.020951184,0.020951184,0.398072491,4.525455688,4.462602137,4.315943851,0.356170124,4.986381731,0.062853551,7.060548921,5.153991201,2.975068091,5.447307773,6.012989734,0,0.16760947,3.834066625
56,150 mb,pre (1:5),4.039497307,0.201974865,9.649910233,5.812387792,0.112208259,0.044883303,0.336624776,0.089766607,0,1.256732496,0.157091562,0,0.448833034,0.987432675,0.022441652,0,0.089766607,0.044883303,0.044883303,0.157091562,0.044883303,0,0.112208259,0.067324955,0.13464991,0.044883303,0.022441652,0.022441652,0.044883303,0,0.022441652,0.089766607,0.112208259,0.067324955,0.022441652,0,0.022441652,2.266606822,0.089766607,0,0,0,0.044883303,0,0,0.022441652,0.044883303,2.131956912,0.089766607,0,0,0,0.022441652,0,0,0.022441652,0,0.112208259,0,0,0.022441652,0.022441652,0,0,0.022441652,0,0.022441652,0.022441652,0,0,0.112208259,4.622980251,4.376122083,5.00448833,0.112208259,5.296229803,0.022441652,6.934470377,5.228904847,3.052064632,5.385996409,5.834829443,0,0.112208259,3.456014363
57,15 mb,pre (1:5),4.138120033,0.109619074,10.55083585,6.029049055,0.548095369,0.054809537,0.739928748,0.191833379,0.191833379,1.260619348,0,0,0.438476295,0.685119211,0,0,0.027404768,0.082214305,0.082214305,0.027404768,0,0.054809537,0.027404768,0.027404768,0.027404768,0,0.054809537,0.054809537,0.054809537,0.027404768,0.054809537,0.082214305,0.109619074,0.082214305,0.054809537,0.082214305,0.027404768,1.644286106,0.959166895,0,0,0.054809537,0.246642916,0,0,0.027404768,0.054809537,1.863524253,0,0.054809537,0.027404768,0.027404768,0,0.082214305,0,0,0.027404768,0.109619074,0,0,0.109619074,0.054809537,0.027404768,0.082214305,0,0.109619074,0,0.027404768,0,0.027404768,0.548095369,3.644834201,3.343381748,4.549191559,0.5206906,2.767881611,0.082214305,8.851740203,4.028500959,2.192381474,4.028500959,6.056453823,0.027404768,0.164428611,2.932310222
58,150 mb,pre (1:5),4.163080895,0.225903614,10.03657487,5.895008606,0.602409639,0.075301205,0.591652324,0.032271945,0.032271945,1.323149742,0.06454389,0.139845095,0.537865749,1.140275387,0,0,0.139845095,0.08605852,0.118330465,0.06454389,0.12908778,0.02151463,0.06454389,0.04302926,0.19363167,0.053786575,0.139845095,0.139845095,0.04302926,0.075301205,0.02151463,0.053786575,0.096815835,0.12908778,0.032271945,0,0.10757315,2.409638554,0.785283993,0.010757315,0,0.02151463,0.096815835,0,0,0,0.365748709,1.731927711,0.12908778,0.010757315,0.010757315,0.02151463,0.02151463,0.010757315,0.010757315,0.032271945,0.010757315,0.06454389,0.010757315,0,0,0,0.010757315,0.02151463,0.032271945,0.02151463,0,0,0.010757315,0.053786575,0.602409639,4.21686747,4.797762478,4.292168675,0.613166954,4.378227194,0.182874355,7.508605852,4.625645439,2.796901893,5.012908778,5.895008606,0.15060241,0.19363167,3.808089501
59,15 mb,pre (1:5),4.821272037,0.594136554,9.369825655,5.766046557,0.155839096,0.048699718,0.418817571,0.019479887,0.058439661,1.412291809,0.038959774,0.029219831,0.409077627,0.818155255,0.009739944,0,0.253238531,0.019479887,0.048699718,0.068179605,0.029219831,0.019479887,0.068179605,0.048699718,0.292198305,0.058439661,0.185058927,0.185058927,0.029219831,0.058439661,0.029219831,0.126619266,0.204538814,0.16557904,0.009739944,0.029219831,0.175318983,2.24992695,0.16557904,0.029219831,0,0.029219831,0.058439661,0,0,0,0.116879322,1.918768871,0.214278757,0,0.009739944,0.038959774,0,0,0.029219831,0,0,0.048699718,0,0.009739944,0.019479887,0.009739944,0.009739944,0,0,0,0.009739944,0,0.019479887,0.019479887,0.155839096,4.938151359,4.577773449,4.051816499,0.204538814,4.421934353,0.009739944,7.889354242,5.259569494,2.795363787,5.493328139,5.7757865,0.009739944,0.594136554,3.545339437
60,150 mb,pre (1:5),4.769717567,0.187507325,9.000351576,6.035392008,0.42189148,0.035157623,0.597679597,0.023438416,0.046876831,1.113324739,0.035157623,0.128911286,0.585960389,1.089886324,0.011719208,0.011719208,0.058596039,0.093753662,0.082034454,0.046876831,0.046876831,0,0.046876831,0.070315247,0.082034454,0.058596039,0.035157623,0.035157623,0.035157623,0.093753662,0.011719208,0.046876831,0.058596039,0.058596039,0.023438416,0.035157623,0.070315247,2.671979374,0.539083558,0.011719208,0.011719208,0.011719208,0.093753662,0,0,0,0.257822571,2.121176608,0.21094574,0.035157623,0.035157623,0.011719208,0,0,0.011719208,0.011719208,0,0.082034454,0,0,0.023438416,0.011719208,0,0.011719208,0.011719208,0.011719208,0,0,0.023438416,0.023438416,0.42189148,4.769717567,4.886909645,4.054845892,0.562521974,4.371264503,0,7.312785656,5.121293801,3.058713231,5.683815774,6.070549631,0.035157623,0.152349701,3.949373022
